{
  "version": 1,
  "author": "Francisco Guedes",
  "editor": "wokwi",
  "parts": [
    {
      "type": "board-esp32-devkit-c-v4",
      "id": "esp",
      "top": -20.86,
      "left": -53.9,
      "rotate": 90,
      "attrs": {}
    },
    {
      "type": "wokwi-resistor",
      "id": "r1",
      "top": 41.8,
      "left": -298.45,
      "rotate": 270,
      "attrs": { "value": "1000" }
    },
    {
      "type": "wokwi-led",
      "id": "led1",
      "top": -51.6,
      "left": -226.2,
      "attrs": { "color": "red", "flip": "1" }
    },
    {
      "type": "wokwi-gas-sensor",
      "id": "gas1",
      "top": -90.4,
      "left": 60.5,
      "rotate": 90,
      "attrs": {}
    },
    {
      "type": "wokwi-dht22",
      "id": "dht1",
      "top": -114.9,
      "left": 177,
      "attrs": { "temperature": "22.2", "humidity": "41.5" }
    },
    {
      "type": "wokwi-buzzer",
      "id": "bz1",
      "top": -74.4,
      "left": -180.6,
      "attrs": { "volume": "0.1" }
    }
  ],
  "connections": [
    [ "esp:TX", "$serialMonitor:RX", "", [] ],
    [ "esp:RX", "$serialMonitor:TX", "", [] ],
    [ "bz1:1", "esp:GND.2", "green", [ "v153.6", "h211.2" ] ],
    [ "bz1:2", "esp:4", "green", [ "v144", "h76.4" ] ],
    [ "esp:3V3", "gas1:VCC", "green", [ "v0" ] ],
    [ "dht1:VCC", "esp:3V3", "red", [ "v0" ] ],
    [ "gas1:GND", "esp:GND.2", "black", [ "v0" ] ],
    [ "dht1:GND", "esp:GND.2", "black", [ "v0" ] ],
    [ "esp:15", "dht1:SDA", "green", [ "v19.2", "h211.2" ] ],
    [ "gas1:AOUT", "esp:34", "green", [ "v9.6", "h-96" ] ],
    [ "r1:2", "led1:A", "green", [ "v0" ] ],
    [ "esp:2", "r1:1", "green", [ "v105.6", "h-9.6" ] ],
    [ "led1:C", "esp:GND.2", "green", [ "v220.8", "h278.4" ] ]
  ],
  "dependencies": {}
}